Element_symbol	SRR23106236	SRR23106237	SRR23106238	SRR23106353	SRR23106336
aac(3)-IId	1	0	0	0	0
aac(3)-IIe	0	1	0	0	0
aac(6')-Ib	0	1	0	0	1
aac(6')-Ib'	0	0	1	0	0
aac(6')-Ib-cr	0	1	0	0	0
aac(6')-Ib-cr5	1	0	0	0	0
aadA1	0	0	1	0	0
ant(2'')-Ia	0	0	0	1	0
ant(3'')-IIa	0	0	1	1	0
aph(3'')-Ib	0	1	1	1	0
aph(3')-IIb	0	0	0	0	1
aph(3')-VIa	0	0	0	1	0
aph(6)-Id	0	1	1	1	0
armA	0	0	1	0	0
arr-2	0	1	0	0	0
blaADC-30	0	0	1	0	0
blaADC-405	0	0	0	1	0
blaCTX-M-15	1	1	0	0	0
blaNDM-1	0	1	1	0	0
blaOXA-1	1	1	0	0	0
blaOXA-10	0	0	0	0	1
blaOXA-23	0	0	1	1	0
blaOXA-371	0	0	0	1	0
blaOXA-50	0	0	0	0	1
blaOXA-66	0	0	1	0	0
blaPAC-1	0	0	0	0	1
blaPDC-98	0	0	0	0	1
blaSFO-1	0	1	0	0	0
blaSHV	1	0	0	0	0
blaSHV-11	0	1	0	0	0
blaTEM-1	1	1	0	0	0
ble	0	1	1	0	0
catB	0	1	0	0	0
catB3	1	1	0	0	0
catB7	0	0	0	0	1
catB8	0	0	1	0	0
dfrA14	0	1	0	0	0
dfrA50	0	1	0	0	0
floR	0	0	0	1	0
fosA	1	1	0	0	1
mph(E)	0	0	1	0	0
msr(E)	0	0	1	0	0
oqxA	1	1	0	0	0
oqxB	1	1	0	0	0
qnrB1	1	1	0	0	0
rmtF1	0	1	0	0	0
rmtF2	0	0	0	0	1
sul1	0	0	1	0	1
sul2	0	1	1	1	0
tet(B)	0	0	1	0	0
