Isolate	Element_symbol	Type	Subtype	Class	Coverage	Identity	Method
SRR23106236	catB3	AMR	AMR	PHENICOL	70.00	100.00	PARTIALX
SRR23106236	blaOXA-1	AMR	AMR	BETA-LACTAM	100.00	100.00	ALLELEX
SRR23106236	aac(6')-Ib-cr5	AMR	AMR	AMINOGLYCOSIDE/QUINOLONE	100.00	100.00	ALLELEX
SRR23106236	blaTEM-1	AMR	AMR	BETA-LACTAM	100.00	100.00	ALLELEX
SRR23106236	blaSHV	AMR	AMR	BETA-LACTAM	76.92	100.00	PARTIAL_CONTIG_ENDX
SRR23106236	fosA	AMR	AMR	FOSFOMYCIN	100.00	99.28	BLASTX
SRR23106236	oqxB	AMR	AMR	NITROFURAN/PHENICOL/QUINOLONE/TETRACYCLINE	100.00	99.81	BLASTX
SRR23106236	oqxA	AMR	AMR	NITROFURAN/PHENICOL/QUINOLONE/TETRACYCLINE	100.00	100.00	EXACTX
SRR23106236	qnrB1	AMR	AMR	QUINOLONE	100.00	100.00	ALLELEX
SRR23106236	aac(3)-IId	AMR	AMR	AMINOGLYCOSIDE	100.00	100.00	EXACTX
SRR23106236	blaCTX-M-15	AMR	AMR	BETA-LACTAM	100.00	100.00	ALLELEX
SRR23106237	aac(3)-IIe	AMR	AMR	AMINOGLYCOSIDE	100.00	100.00	EXACTX
SRR23106237	blaOXA-1	AMR	AMR	BETA-LACTAM	100.00	100.00	ALLELEX
SRR23106237	catB3	AMR	AMR	PHENICOL	70.00	100.00	PARTIALX
SRR23106237	qnrB1	AMR	AMR	QUINOLONE	100.00	100.00	ALLELEX
SRR23106237	oqxB	AMR	AMR	NITROFURAN/PHENICOL/QUINOLONE/TETRACYCLINE	100.00	100.00	EXACTX
SRR23106237	oqxA	AMR	AMR	NITROFURAN/PHENICOL/QUINOLONE/TETRACYCLINE	100.00	100.00	EXACTX
SRR23106237	dfrA14	AMR	AMR	TRIMETHOPRIM	100.00	100.00	EXACTX
SRR23106237	arr-2	AMR	AMR	RIFAMYCIN	100.00	100.00	ALLELEX
SRR23106237	dfrA50	AMR	AMR	TRIMETHOPRIM	100.00	98.73	BLASTX
SRR23106237	blaSHV-11	AMR	AMR	BETA-LACTAM	100.00	100.00	ALLELEX
SRR23106237	aac(6')-Ib-cr	AMR	AMR	AMINOGLYCOSIDE/QUINOLONE	54.35	100.00	PARTIAL_CONTIG_ENDX
SRR23106237	fosA	AMR	AMR	FOSFOMYCIN	100.00	99.28	BLASTX
SRR23106237	sul2	AMR	AMR	SULFONAMIDE	100.00	100.00	EXACTX
SRR23106237	aph(3'')-Ib	AMR	AMR	AMINOGLYCOSIDE	100.00	100.00	EXACTX
SRR23106237	aph(6)-Id	AMR	AMR	AMINOGLYCOSIDE	100.00	100.00	EXACTX
SRR23106237	blaTEM-1	AMR	AMR	BETA-LACTAM	100.00	100.00	ALLELEX
SRR23106237	blaSFO-1	AMR	AMR	BETA-LACTAM	100.00	100.00	ALLELEX
SRR23106237	ble	AMR	AMR	BLEOMYCIN	100.00	100.00	EXACTX
SRR23106237	blaNDM-1	AMR	AMR	BETA-LACTAM	100.00	100.00	ALLELEX
SRR23106237	aac(6')-Ib	AMR	AMR	AMINOGLYCOSIDE	100.00	100.00	EXACTX
SRR23106237	rmtF1	AMR	AMR	AMINOGLYCOSIDE	100.00	100.00	ALLELEX
SRR23106237	catB	AMR	AMR	PHENICOL	100.00	100.00	EXACTX
SRR23106237	blaCTX-M-15	AMR	AMR	BETA-LACTAM	100.00	100.00	ALLELEX
SRR23106238	blaNDM-1	AMR	AMR	BETA-LACTAM	100.00	100.00	ALLELEX
SRR23106238	ble	AMR	AMR	BLEOMYCIN	100.00	100.00	EXACTX
SRR23106238	blaOXA-66	AMR	AMR	BETA-LACTAM	100.00	100.00	ALLELEX
SRR23106238	tet(B)	AMR	AMR	TETRACYCLINE	99.75	100.00	BLASTX
SRR23106238	aph(6)-Id	AMR	AMR	AMINOGLYCOSIDE	100.00	100.00	EXACTX
SRR23106238	aph(3'')-Ib	AMR	AMR	AMINOGLYCOSIDE	100.00	100.00	EXACTX
SRR23106238	blaADC-30	AMR	AMR	BETA-LACTAM	100.00	100.00	ALLELEX
SRR23106238	blaOXA-23	AMR	AMR	BETA-LACTAM	100.00	100.00	ALLELEX
SRR23106238	aac(6')-Ib'	AMR	AMR	AMINOGLYCOSIDE	100.00	100.00	EXACTX
SRR23106238	catB8	AMR	AMR	PHENICOL	100.00	100.00	EXACTX
SRR23106238	aadA1	AMR	AMR	AMINOGLYCOSIDE	100.00	100.00	EXACTX
SRR23106238	qacEdelta1	STRESS	BIOCIDE	QUATERNARY AMMONIUM	100.00	100.00	ALLELEX
SRR23106238	sul1	AMR	AMR	SULFONAMIDE	100.00	100.00	EXACTX
SRR23106238	armA	AMR	AMR	AMINOGLYCOSIDE	100.00	100.00	EXACTX
SRR23106238	msr(E)	AMR	AMR	MACROLIDE/STREPTOGRAMIN	100.00	100.00	EXACTX
SRR23106238	mph(E)	AMR	AMR	MACROLIDE	100.00	100.00	EXACTX
SRR23106238	ant(3'')-IIa	AMR	AMR	AMINOGLYCOSIDE	100.00	100.00	EXACTX
SRR23106238	sul2	AMR	AMR	SULFONAMIDE	100.00	100.00	EXACTX
SRR23106336	aac(6')-Ib	AMR	AMR	AMINOGLYCOSIDE	67.93	100.00	PARTIAL_CONTIG_ENDX
SRR23106336	rmtF2	AMR	AMR	AMINOGLYCOSIDE	100.00	100.00	ALLELEX
SRR23106336	blaPAC-1	AMR	AMR	BETA-LACTAM	100.00	100.00	ALLELEX
SRR23106336	qacEdelta1	STRESS	BIOCIDE	QUATERNARY AMMONIUM	100.00	100.00	ALLELEX
SRR23106336	blaOXA-10	AMR	AMR	BETA-LACTAM	100.00	100.00	ALLELEX
SRR23106336	qacF	STRESS	BIOCIDE	QUATERNARY AMMONIUM	100.00	100.00	EXACTX
SRR23106336	sul1	AMR	AMR	SULFONAMIDE	100.00	100.00	EXACTX
SRR23106336	blaPDC-98	AMR	AMR	BETA-LACTAM	100.00	100.00	ALLELEX
SRR23106336	aph(3')-IIb	AMR	AMR	AMINOGLYCOSIDE	100.00	99.25	BLASTX
SRR23106336	aac(6')-Ib	AMR	AMR	AMINOGLYCOSIDE	52.17	100.00	PARTIAL_CONTIG_ENDX
SRR23106336	catB7	AMR	AMR	PHENICOL	100.00	99.53	BLASTX
SRR23106336	blaOXA-50	AMR	AMR	BETA-LACTAM	100.00	100.00	ALLELEX
SRR23106336	fosA	AMR	AMR	FOSFOMYCIN	100.00	100.00	EXACTX
SRR23106353	floR	AMR	AMR	PHENICOL	100.00	99.75	BLASTX
SRR23106353	sul2	AMR	AMR	SULFONAMIDE	100.00	100.00	EXACTX
SRR23106353	blaADC-405	AMR	AMR	BETA-LACTAM	100.00	100.00	ALLELEX
SRR23106353	blaOXA-371	AMR	AMR	BETA-LACTAM	100.00	100.00	ALLELEX
SRR23106353	ant(3'')-IIa	AMR	AMR	AMINOGLYCOSIDE	100.00	100.00	EXACTX
SRR23106353	ant(2'')-Ia	AMR	AMR	AMINOGLYCOSIDE	100.00	98.31	BLASTX
SRR23106353	aph(3')-VIa	AMR	AMR	AMINOGLYCOSIDE	100.00	99.23	BLASTX
SRR23106353	aph(6)-Id	AMR	AMR	AMINOGLYCOSIDE	100.00	100.00	EXACTX
SRR23106353	aph(3'')-Ib	AMR	AMR	AMINOGLYCOSIDE	100.00	100.00	EXACTX
SRR23106353	blaOXA-23	AMR	AMR	BETA-LACTAM	100.00	100.00	ALLELEX
