Protein id	Contig id	Start	Stop	Strand	Element symbol	Element name	Scope	Type	Subtype	Class	Subclass	Method	Target length	Reference sequence length	% Coverage of reference	% Identity to reference	Alignment length	Closest reference accession	Closest reference name	HMM accession	HMM description
NA	NODE_131_length_5634_cov_10.415834	1	375	+	aac(6')-Ib	AAC(6')-Ib family aminoglycoside 6'-N-acetyltransferase	core	AMR	AMR	AMINOGLYCOSIDE	AMIKACIN/KANAMYCIN/TOBRAMYCIN	PARTIAL_CONTIG_ENDX	125	184	67.93	100.00	125	WP_071846241.1	AAC(6')-Ib family aminoglycoside 6'-N-acetyltransferase	NA	NA
NA	NODE_131_length_5634_cov_10.415834	789	1565	+	rmtF2	16S rRNA (guanine(1405)-N(7))-methyltransferase RmtF2	core	AMR	AMR	AMINOGLYCOSIDE	AMINOGLYCOSIDE	ALLELEX	259	259	100.00	100.00	259	WP_023434793.1	16S rRNA (guanine(1405)-N(7))-methyltransferase RmtF2	NA	NA
NA	NODE_131_length_5634_cov_10.415834	2652	3794	+	blaPAC-1	inhibitior-resistant extended spectrum class C beta-lactamase PAC-1	core	AMR	AMR	BETA-LACTAM	CEPHALOSPORIN	ALLELEX	381	381	100.00	100.00	381	WP_034051940.1	inhibitior-resistant extended spectrum class C beta-lactamase PAC-1	NA	NA
NA	NODE_131_length_5634_cov_10.415834	5226	5570	+	qacEdelta1	quaternary ammonium compound efflux SMR transporter QacE delta 1	core	STRESS	BIOCIDE	QUATERNARY AMMONIUM	QUATERNARY AMMONIUM	ALLELEX	115	115	100.00	100.00	115	WP_000679427.1	quaternary ammonium compound efflux SMR transporter QacE delta 1	NA	NA
NA	NODE_167_length_1277_cov_7.366957	176	973	-	blaOXA-10	oxacillin-hydrolyzing class D beta-lactamase OXA-10	core	AMR	AMR	BETA-LACTAM	CEPHALOSPORIN	ALLELEX	266	266	100.00	100.00	266	WP_000846390.1	oxacillin-hydrolyzing class D beta-lactamase OXA-10	NA	NA
NA	NODE_171_length_1115_cov_11.716599	238	567	+	qacF	quaternary ammonium compound efflux SMR transporter QacF	core	STRESS	BIOCIDE	QUATERNARY AMMONIUM	QUATERNARY AMMONIUM	EXACTX	110	110	100.00	100.00	110	WP_015243636.1	quaternary ammonium compound efflux SMR transporter QacF	NA	NA
NA	NODE_179_length_930_cov_19.256538	60	896	+	sul1	sulfonamide-resistant dihydropteroate synthase Sul1	core	AMR	AMR	SULFONAMIDE	SULFONAMIDE	EXACTX	279	279	100.00	100.00	279	WP_000259031.1	sulfonamide-resistant dihydropteroate synthase Sul1	NA	NA
NA	NODE_18_length_100621_cov_9.159512	72022	73212	+	blaPDC-98	class C beta-lactamase PDC-98	core	AMR	AMR	BETA-LACTAM	CEPHALOSPORIN	ALLELEX	397	397	100.00	100.00	397	WP_023913271.1	class C beta-lactamase PDC-98	NA	NA
NA	NODE_18_length_100621_cov_9.159512	85574	86377	-	aph(3')-IIb	aminoglycoside O-phosphotransferase APH(3')-IIb	core	AMR	AMR	AMINOGLYCOSIDE	KANAMYCIN	BLASTX	268	268	100.00	99.25	268	WP_003113011.1	aminoglycoside O-phosphotransferase APH(3')-IIb	NA	NA
NA	NODE_246_length_290_cov_26.085890	2	289	+	aac(6')-Ib	AAC(6')-Ib family aminoglycoside 6'-N-acetyltransferase	core	AMR	AMR	AMINOGLYCOSIDE	GENTAMICIN	PARTIAL_CONTIG_ENDX	96	184	52.17	100.00	96	WP_003159191.1	aminoglycoside N-acetyltransferase AAC(6')-Ib4	NA	NA
NA	NODE_38_length_60485_cov_9.016220	52290	52925	-	catB7	type B-4 chloramphenicol O-acetyltransferase CatB7	core	AMR	AMR	PHENICOL	CHLORAMPHENICOL	BLASTX	212	212	100.00	99.53	212	WP_003112709.1	type B-4 chloramphenicol O-acetyltransferase CatB7	NA	NA
NA	NODE_8_length_155428_cov_10.152600	97693	98478	-	blaOXA-50	oxacillin-hydrolyzing class D beta-lactamase OXA-50	core	AMR	AMR	BETA-LACTAM	BETA-LACTAM	ALLELEX	262	262	100.00	100.00	262	WP_003099707.1	oxacillin-hydrolyzing class D beta-lactamase OXA-50	NA	NA
NA	NODE_96_length_17594_cov_9.228202	10340	10744	+	fosA	FosA family fosfomycin resistance glutathione transferase	core	AMR	AMR	FOSFOMYCIN	FOSFOMYCIN	EXACTX	135	135	100.00	100.00	135	WP_003082280.1	FosA family fosfomycin resistance glutathione transferase	NA	NA
